,class_name,namespace,org_type_cs,rpc_type,extra_usings,output_path,ctor_field_visibility,ctor_param_type,ctor_param_name,can_convert_expr,read_return_expr,read_throw_expr,write_pre,write_fields,after_deserialize,read_raw_expr,write_raw_expr,hand_written,type_param,type_constraint
0,TypeConverter,LLiquidLink,Type,RpcType,,CSharp/LLiquidLink/Converters/TypeConverter.cs,,TypeResolver,resolver,,_resolver.Resolve(rpcObj.value),,,value = value.FullName,,,,,,
1,EnumConverter,LLiquidLink,System.Enum,RpcEnum,,CSharp/LLiquidLink/Converters/EnumConverter.cs,,,,typeToConvert.IsEnum,"(System.Enum)Enum.Parse(typeToConvert, rpcObj.value)",,,value = value.ToString(),,,,,,
2,InstanceObjectConverter,UniLiquidLink,T,RpcInstanceObject,LLiquidLink,CSharp/UniLiquidLink/Unity/InstanceObjectConverter.cs,internal,ObjectRegistry,registry,typeof(T).IsAssignableFrom(typeToConvert),_registry.GetObject(rpcObj.instanceId),"RpcJsonConverterReadException($""Object {rpcObj.instanceId} not found"")",long id = _registry.RegisterObject(value),"rpcType = typeof(RpcInstanceObject).FullName;
instanceId = id;
orgType = value.GetType().FullName;
name = value.ToString();","if (rpcObj.orgType != ret.GetType().FullName) throw new RpcJsonConverterReadException($""Object {rpcObj.orgType} != {ret.GetType().FullName}"");
if (!typeToConvert.IsAssignableFrom(ret.GetType())) throw new RpcJsonConverterReadException($""Object {rpcObj.orgType} != {typeToConvert.FullName}"");",,,,T,where T : class
3,PreObjectConverter,LLiquidLink,object,RpcInstanceObject,,CSharp/LLiquidLink/Converters/PreObjectConverter.cs,,ObjectRegistry,registry,typeToConvert == typeof(object),_registry.GetObject(rpcObj.instanceId),"RpcJsonConverterReadException($""Object {rpcObj.instanceId} not found"")",,,"if (rpcObj.orgType != ret.GetType().FullName) throw new RpcJsonConverterReadException($""Object {rpcObj.orgType} != {ret.GetType().FullName}"");",,throw new NotSupportedException();,,,
4,ObjectPrimitiveConverter,LLiquidLink,object,object,,CSharp/LLiquidLink/Converters/ObjectPrimitiveConverter.cs,,,,typeToConvert == typeof(object),,,,,,JsonPrimitiveHelper.ReadRaw(ref reader),"JsonPrimitiveHelper.WriteRaw(writer, value)",,,
